run_id,event_index,tick,type,cell_x,cell_y,simulation_day
20261005_182620_7201485985000484657_0a8009aed3d743b6ac6a6d16ba9acfdd,211,13131,construction_abandoned,107.0,109.0,1
20261005_182620_7201485985000484657_0a8009aed3d743b6ac6a6d16ba9acfdd,212,13131,construction_expired,107.0,109.0,1
20261005_182620_7201485985000484657_0a8009aed3d743b6ac6a6d16ba9acfdd,280,17352,construction_abandoned,105.0,113.0,1
20261005_182620_7201485985000484657_0a8009aed3d743b6ac6a6d16ba9acfdd,281,17352,construction_expired,105.0,113.0,1
20261005_182620_7201485985000484657_0a8009aed3d743b6ac6a6d16ba9acfdd,314,19697,construction_abandoned,105.0,116.0,1
20261005_182620_7201485985000484657_0a8009aed3d743b6ac6a6d16ba9acfdd,315,19697,construction_expired,105.0,116.0,1
20261005_182620_7201485985000484657_0a8009aed3d743b6ac6a6d16ba9acfdd,1331,35174,construction_abandoned,115.0,117.0,2
20261005_182620_7201485985000484657_0a8009aed3d743b6ac6a6d16ba9acfdd,1332,35174,construction_expired,115.0,117.0,2
20261005_182620_7201485985000484657_0a8009aed3d743b6ac6a6d16ba9acfdd,1333,35174,construction_abandoned,115.0,117.0,2
